Workbook

Sheet MSFT
A1: Date | B1: Price | C1: Open | D1: High | E1: Low | F1: Vol. | G1: Change %
A2: 45800 | B2: 450.18 | C2: 449.98 | D2: 453.69 | E2: 448.91 | F2: 16.88M | G2: -0.0103
A3: 45804 | B3: 460.69 | C3: 456.48 | D3: 460.95 | E3: 456.11 | F3: 20.97M | G3: 0.0233
A4: 45805 | B4: 457.36 | C4: 461.22 | D4: 462.52 | E4: 456.93 | F4: 17.09M | G4: -0.0072
A5: 45806 | B5: 458.68 | C5: 461.55 | D5: 461.72 | E5: 455.31 | F5: 13.98M | G5: 0.0029
A6: 45807 | B6: 460.36 | C6: 459.71 | D6: 461.68 | E6: 455.54 | F6: 34.77M | G6: 0.0037
A7: 45810 | B7: 461.97 | C7: 457.14 | D7: 462.11 | E7: 456.89 | F7: 16.63M | G7: 0.0035
A8: 45811 | B8: 462.97 | C8: 461.47 | D8: 464.14 | E8: 460.86 | F8: 15.74M | G8: 0.0022
A9: 45812 | B9: 463.87 | C9: 464 | D9: 465.69 | E9: 463.02 | F9: 14.16M | G9: 0.0019
A10: 45813 | B10: 467.68 | C10: 464.95 | D10: 469.65 | E10: 464.03 | F10: 20.15M | G10: 0.0082
A11: 45814 | B11: 470.38 | C11: 470.08 | D11: 473.33 | E11: 468.78 | F11: 15.29M | G11: 0.0058
A12: 45817 | B12: 472.75 | C12: 469.7 | D12: 473.43 | E12: 468.62 | F12: 16.47M | G12: 0.005
A13: 45818 | B13: 470.92 | C13: 471.18 | D13: 472.8 | E13: 466.96 | F13: 15.38M | G13: -0.0039
... A252: 46164 | B252: 418.57 | C252: 419.54 | D252: 424.4 | E252: 416.33 | F252: 22.39M | G252: -0.0012

Sheet NVDA
A1: Date | B1: Price | C1: Open | D1: High | E1: Low | F1: Vol. | G1: Change %
A2: 45800 | B2: 131.29 | C2: 130 | D2: 132.68 | E2: 129.16 | F2: 198.82M | G2: -0.0116
A3: 45804 | B3: 135.5 | C3: 134.15 | D3: 135.66 | E3: 133.31 | F3: 192.95M | G3: 0.0321
A4: 45805 | B4: 134.81 | C4: 136.02 | D4: 137.25 | E4: 134.79 | F4: 304.02M | G4: -0.0051
A5: 45806 | B5: 139.19 | C5: 142.24 | D5: 143.49 | E5: 137.91 | F5: 370.62M | G5: 0.0325
A6: 45807 | B6: 135.13 | C6: 138.71 | D6: 139.62 | E6: 132.92 | F6: 333.17M | G6: -0.0292
A7: 45810 | B7: 137.38 | C7: 135.49 | D7: 138.12 | E7: 135.4 | F7: 197.66M | G7: 0.0167
A8: 45811 | B8: 141.22 | C8: 138.78 | D8: 142 | E8: 137.95 | F8: 225.58M | G8: 0.028
A9: 45812 | B9: 141.92 | C9: 142.19 | D9: 142.39 | E9: 139.54 | F9: 167.12M | G9: 0.005
A10: 45813 | B10: 139.99 | C10: 142.17 | D10: 144 | E10: 138.83 | F10: 232.41M | G10: -0.0136
A11: 45814 | B11: 141.72 | C11: 142.51 | D11: 143.27 | E11: 141.51 | F11: 153.99M | G11: 0.0124
A12: 45817 | B12: 142.63 | C12: 143.19 | D12: 145 | E12: 141.94 | F12: 185.11M | G12: 0.0064
A13: 45818 | B13: 143.96 | C13: 142.69 | D13: 144.29 | E13: 141.52 | F13: 155.88M | G13: 0.0093
... A252: 46164 | B252: 215.33 | C252: 220.9 | D252: 221.01 | E252: 214.8 | F252: 169.28M | G252: -0.019

Sheet TSLA
A1: Date | B1: Price | C1: Open | D1: High | E1: Low | F1: Vol. | G1: Change %
A2: 45800 | B2: 339.34 | C2: 337.92 | D2: 343.18 | E2: 333.21 | F2: 84.65M | G2: -0.005
A3: 45804 | B3: 362.89 | C3: 347.35 | D3: 363.79 | E3: 347.32 | F3: 120.15M | G3: 0.0694
A4: 45805 | B4: 356.9 | C4: 364.84 | D4: 365 | E4: 355.91 | F4: 91.40M | G4: -0.0165
A5: 45806 | B5: 358.43 | C5: 365.29 | D5: 367.71 | E5: 356 | F5: 88.55M | G5: 0.0043
A6: 45807 | B6: 346.46 | C6: 355.52 | D6: 363.68 | E6: 345.29 | F6: 123.47M | G6: -0.0334
A7: 45810 | B7: 342.69 | C7: 343.5 | D7: 348.02 | E7: 333.33 | F7: 81.87M | G7: -0.0109
A8: 45811 | B8: 344.27 | C8: 346.6 | D8: 355.4 | E8: 343.04 | F8: 99.32M | G8: 0.0046
A9: 45812 | B9: 332.05 | C9: 345.1 | D9: 345.6 | E9: 327.33 | F9: 98.91M | G9: -0.0355
A10: 45813 | B10: 284.7 | C10: 322.49 | D10: 324.55 | E10: 273.21 | F10: 292.82M | G10: -0.1426
A11: 45814 | B11: 295.14 | C11: 298.83 | D11: 305.5 | E11: 291.14 | F11: 164.75M | G11: 0.0367
A12: 45817 | B12: 308.58 | C12: 285.95 | D12: 309.83 | E12: 281.85 | F12: 140.91M | G12: 0.0455
A13: 45818 | B13: 326.09 | C13: 314.94 | D13: 327.83 | E13: 310.67 | F13: 151.26M | G13: 0.0567
... A252: 46164 | B252: 426.01 | C252: 422.67 | D252: 431.51 | E252: 420.51 | F252: 46.10M | G252: 0.0195

Sheet analysis sheet
B4: STOCK | C4: AVG PRICE | D4: HIGHEST PRICE | E4: LOWEST PRICE
B6: MSFT | C6: =AVERAGE(MSFT!B2:B252) -> 466.89 | D6: =MAX(MSFT!B2:B252) -> 542.07 | E6: =MIN(MSFT!B1:B252) -> 356.77
B7: NVDA | C7: =AVERAGE(NVIDIA_Stock_Price_History[Price]) -> 180.89685 | D7: =MAX(NVIDIA_Stock_Price_History[[#All],[Price]]) -> 235.74 | E7: =MIN(NVIDIA_Stock_Price_History[Price]) -> 131.29
B8: TSLA | C8: =AVERAGE(Tesla_Stock_Price_History[Price]) -> 392.10219 | D8: =MAX(Tesla_Stock_Price_History[[#All],[Price]]) -> 489.88 | E8: =MIN(Tesla_Stock_Price_History[Price]) -> 284.7
B14: DATE | C14: MSFT | D14: NVDA | E14: TSLA
B15: =MSFT!A2 -> 45800 | C15: =MSFT!B2 -> 450.18 | D15: =NVDA!B2 -> 131.29 | E15: =TSLA!B2 -> 339.34
B16: =MSFT!A3 -> 45804 | C16: =MSFT!B3 -> 460.69 | D16: =NVDA!B3 -> 135.5 | E16: =TSLA!B3 -> 362.89
B17: =MSFT!A4 -> 45805 | C17: =MSFT!B4 -> 457.36 | D17: =NVDA!B4 -> 134.81 | E17: =TSLA!B4 -> 356.9
B18: =MSFT!A5 -> 45806 | C18: =MSFT!B5 -> 458.68 | D18: =NVDA!B5 -> 139.19 | E18: =TSLA!B5 -> 358.43
B19: =MSFT!A6 -> 45807 | C19: =MSFT!B6 -> 460.36 | D19: =NVDA!B6 -> 135.13 | E19: =TSLA!B6 -> 346.46
B20: =MSFT!A7 -> 45810 | C20: =MSFT!B7 -> 461.97 | D20: =NVDA!B7 -> 137.38 | E20: =TSLA!B7 -> 342.69
B21: =MSFT!A8 -> 45811 | C21: =MSFT!B8 -> 462.97 | D21: =NVDA!B8 -> 141.22 | E21: =TSLA!B8 -> 344.27
B22: =MSFT!A9 -> 45812 | C22: =MSFT!B9 -> 463.87 | D22: =NVDA!B9 -> 141.92 | E22: =TSLA!B9 -> 332.05
B23: =MSFT!A10 -> 45813 | C23: =MSFT!B10 -> 467.68 | D23: =NVDA!B10 -> 139.99 | E23: =TSLA!B10 -> 284.7
B24: =MSFT!A11 -> 45814 | C24: =MSFT!B11 -> 470.38 | D24: =NVDA!B11 -> 141.72 | E24: =TSLA!B11 -> 295.14
B25: =MSFT!A12 -> 45817 | C25: =MSFT!B12 -> 472.75 | D25: =NVDA!B12 -> 142.63 | E25: =TSLA!B12 -> 308.58
B26: =MSFT!A13 -> 45818 | C26: =MSFT!B13 -> 470.92 | D26: =NVDA!B13 -> 143.96 | E26: =TSLA!B13 -> 326.09
... B265: =MSFT!A252 -> 46164 | C265: =MSFT!B252 -> 418.57 | D265: =NVDA!B252 -> 215.33 | E265: =TSLA!B252 -> 426.01
